Country,City,Industry,URL
India,Bangalore,digital marketing agency,https://builtin.com/articles/digital-marketing-company-in-bangalore
India,Bangalore,digital marketing agency,https://socialpanga.com/
India,Bangalore,digital marketing agency,https://brandstory.in/
India,Bangalore,digital marketing agency,https://www.digimarkagency.com/
India,Bangalore,digital marketing agency,https://www.percoyo.com/
India,Bangalore,digital marketing agency,https://www.honeycombindia.net/digital-marketing-company/
India,Bangalore,digital marketing agency,https://socialorange.in/
India,Bangalore,digital marketing agency,https://rdsdigital.in/
India,Bangalore,digital marketing agency,https://www.linkedin.com/pulse/10-best-digital-marketing-agencies-bangalore-growth-hackers-digital-gbkze
India,Bangalore,digital marketing agency,https://firstlaunch.in/
India,Bangalore,digital marketing agency,https://websenor.com/digital-marketing-agency-in-bangalore/
India,Bangalore,digital marketing agency,https://www.ralecon.com/
India,Bangalore,digital marketing agency,https://www.aerobusinesssolutions.com/blog/digital-marketing-companies-in-bengaluru/
